{
    "msg": "操作成功",
    "result": [
        {
            "id": "16",
            "imgUrl": "https://img.youpin.mi-img.com/youpinoper/ea993175_aa74_4be9_a444_bdd0901a4730.jpeg?w=1080&amp;h=450",
            "hrefUrl": "/category/1005000",
            "type": "1"
        },
        {
            "id": "18",
            "imgUrl": "https://img.youpin.mi-img.com/youpinoper/cb93a1da_08d9_46e3_aa9c_25c6549a0fe4.jpeg?w=1080&amp;h=450",
            "hrefUrl": "/category/1013001",
            "type": "1"
        },
        {
            "id": "19",
            "imgUrl": "https://img.youpin.mi-img.com/youpinoper/380d3e43_dbef_4bad_90c5_118a59f19caf.jpeg?w=1080&amp;h=450",
            "hrefUrl": "/category/1013001",
            "type": "1"
        },
        {
            "id": "20",
            "imgUrl": "https://img.youpin.mi-img.com/youpinoper/051115c6_7660_4e6e_bd5a_0b3daf8281f5.jpeg?w=1080&amp;h=450",
            "hrefUrl": "/category/1005000",
            "type": "1"
        },
        {
            "id": "17",
            "imgUrl": "https://img.youpin.mi-img.com/youpinoper/f8ede245_b7fd_4344_b9b3_ea7b63767718.png?w=1080&amp;h=450",
            "hrefUrl": "/category/1019000",
            "type": "1"
        }
    ]
}